,id_lowongan,asal_situs,link_lowongan
0,21630,karir,https://karir.com/opportunities/1316109
1,21914,karir,https://karir.com/opportunities/1320101
2,22136,karir,https://karir.com/opportunities/1320797
3,22137,karir,https://karir.com/opportunities/1320362
4,22138,karir,https://karir.com/opportunities/1319021
5,22142,karir,https://karir.com/opportunities/1320726
6,22282,karir,https://karir.com/opportunities/1320808
7,22285,karir,https://karir.com/opportunities/1321134
8,22670,karir,https://karir.com/opportunities/1319116
9,22810,glints,https://glints.com/id/opportunities/jobs/sales-manager/ed7fe98f-087b-4f74-84a9-807fe3e294b9
10,23124,karir,https://karir.com/opportunities/1322749
11,23413,karir,https://karir.com/opportunities/1320731
12,23488,karir,https://karir.com/opportunities/1320727
13,23489,karir,https://karir.com/opportunities/1320728
14,23491,karir,https://karir.com/opportunities/1320804
15,23892,jobstreet,https://www.jobstreet.co.id/id/job/software-developer-4742683/origin/my?jobId=jobstreet-my-job-4742683&sectionRank=8&token=0~07e3f892-42c3-4d43-ace0-fd357f781a89&fr=SRP%20Job%20Listing
16,24420,karir,https://karir.com/opportunities/1322786
17,24664,karir,https://karir.com/opportunities/1320801
18,27174,karir,https://karir.com/opportunities/1321976
19,27459,karir,https://karir.com/opportunities/1322742
20,27585,karir,https://karir.com/opportunities/1320109
21,27586,karir,https://karir.com/opportunities/1320099
22,27588,karir,https://karir.com/opportunities/1320102
23,27625,karir,https://karir.com/opportunities/1322523
24,27905,karir,https://karir.com/opportunities/1322889
25,31097,karir,https://karir.com/opportunities/1320100
26,39932,jobstreet,https://www.jobstreet.co.id/id/job/sales-support-pricing-3710532?jobId=jobstreet-id-job-3710532&sectionRank=7&token=0~3faf01df-2a55-4f37-be00-6fbd634ce264&fr=SRP%20Job%20Listing
27,40314,jobstreet,https://www.jobstreet.co.id/id/job/site-engineer-3710310?jobId=jobstreet-id-job-3710310&sectionRank=14&token=0~116662b3-bc11-4a7d-8080-67f02c94ec6d&fr=SRP%20Job%20Listing
28,40370,jobstreet,https://www.jobstreet.co.id/id/job/administration-staff-3709740?jobId=jobstreet-id-job-3709740&sectionRank=7&token=0~714b67a4-3a89-4e8f-a399-0a26324496b7&fr=SRP%20Job%20Listing
29,40617,jobstreet,https://www.jobstreet.co.id/id/job/administration-staff-3709740?jobId=jobstreet-id-job-3709740&sectionRank=20&token=0~45c2ff65-d8f5-4596-9c6e-d6b014184277&fr=SRP%20Job%20Listing
30,40619,jobstreet,https://www.jobstreet.co.id/id/job/admin-3710891?jobId=jobstreet-id-job-3710891&sectionRank=22&token=0~45c2ff65-d8f5-4596-9c6e-d6b014184277&fr=SRP%20Job%20Listing
31,40844,jobstreet,https://www.jobstreet.co.id/id/job/business-development-manager-jakarta-office-3710324?jobId=jobstreet-id-job-3710324&sectionRank=27&token=0~5608a35d-571b-42c6-a63f-13dad11a4195&fr=SRP%20Job%20Listing
32,40970,jobstreet,https://www.jobstreet.co.id/id/job/backend-developer-java-3710892?jobId=jobstreet-id-job-3710892&sectionRank=6&token=0~f959b24a-2d9b-4546-814a-968c8e42e1b4&fr=SRP%20Job%20Listing
33,40976,jobstreet,https://www.jobstreet.co.id/id/job/android-developer-3710924?jobId=jobstreet-id-job-3710924&sectionRank=6&token=0~da4937c1-1106-4fc6-92fa-089074ca64a4&fr=SRP%20Job%20Listing
34,41086,karir,https://karir.com/opportunities/1320765
35,41088,karir,https://karir.com/opportunities/1320096
36,41094,jobstreet,https://www.jobstreet.co.id/id/job/kepala-produksi-3710871?jobId=jobstreet-id-job-3710871&sectionRank=10&token=0~f3177a31-a34d-4152-9eeb-bf3f1fd25fc2&fr=SRP%20Job%20Listing
37,41100,jobstreet,https://www.jobstreet.co.id/id/job/supervisor-line-sewing-3710912?jobId=jobstreet-id-job-3710912&sectionRank=20&token=0~f3177a31-a34d-4152-9eeb-bf3f1fd25fc2&fr=SRP%20Job%20Listing
38,41105,jobstreet,https://www.jobstreet.co.id/id/job/supervisor-teknis-3709753?jobId=jobstreet-id-job-3709753&sectionRank=28&token=0~f3177a31-a34d-4152-9eeb-bf3f1fd25fc2&fr=SRP%20Job%20Listing
39,41233,jobstreet,https://www.jobstreet.co.id/id/job/staff-accounting-finance-3710597?jobId=jobstreet-id-job-3710597&sectionRank=18&token=0~9ec3331f-9cb2-4b41-b6c7-b73af9537996&fr=SRP%20Job%20Listing
40,41261,jobstreet,https://www.jobstreet.co.id/id/job/field-collection-jakarta-barat-3710884?jobId=jobstreet-id-job-3710884&sectionRank=20&token=0~ca8fff83-9480-439a-bc81-c710d883d544&fr=SRP%20Job%20Listing
41,41286,jobstreet,https://www.jobstreet.co.id/id/job/marketing-3710935?jobId=jobstreet-id-job-3710935&sectionRank=24&token=0~a7d7dd34-7640-487c-a5ec-9677a1dc2535&fr=SRP%20Job%20Listing
42,41289,jobstreet,https://www.jobstreet.co.id/id/job/b2b-sales-staff-food-beverages-3710121?jobId=jobstreet-id-job-3710121&sectionRank=29&token=0~a7d7dd34-7640-487c-a5ec-9677a1dc2535&fr=SRP%20Job%20Listing
43,41290,jobstreet,https://www.jobstreet.co.id/id/job/field-marketing-3710876?jobId=jobstreet-id-job-3710876&sectionRank=30&token=0~a7d7dd34-7640-487c-a5ec-9677a1dc2535&fr=SRP%20Job%20Listing
44,41390,jobstreet,https://www.jobstreet.co.id/id/job/engineering-staff-3710883?jobId=jobstreet-id-job-3710883&sectionRank=8&token=0~623243c4-f77e-4b6b-8dbf-7843c984a758&fr=SRP%20Job%20Listing
45,41391,jobstreet,https://www.jobstreet.co.id/id/job/site-engineer-3710310?jobId=jobstreet-id-job-3710310&sectionRank=9&token=0~623243c4-f77e-4b6b-8dbf-7843c984a758&fr=SRP%20Job%20Listing
46,41395,jobstreet,https://www.jobstreet.co.id/id/job/site-engineer-3710865?jobId=jobstreet-id-job-3710865&sectionRank=16&token=0~623243c4-f77e-4b6b-8dbf-7843c984a758&fr=SRP%20Job%20Listing
47,41411,jobstreet,https://www.jobstreet.co.id/id/job/management-trainee-3710940?jobId=jobstreet-id-job-3710940&sectionRank=4&token=0~efe1823c-1aeb-443e-8848-48cacb5d97c3&fr=SRP%20Job%20Listing
48,41524,jobstreet,https://www.jobstreet.co.id/id/job/frontend-engineer-3710874?jobId=jobstreet-id-job-3710874&sectionRank=17&token=0~25a21215-c2f3-4b94-81d6-f78be109bad3&fr=SRP%20Job%20Listing
49,41647,jobstreet,https://www.jobstreet.co.id/id/job/staf-pdca-principal-3710887?jobId=jobstreet-id-job-3710887&sectionRank=3&token=0~b6c1e23b-dc63-4468-b801-de05b15af0d6&fr=SRP%20Job%20Listing
50,41999,jobstreet,https://www.jobstreet.co.id/id/job/creative-content-creator-3710847?jobId=jobstreet-id-job-3710847&sectionRank=2&token=0~65fcab56-d7c0-411c-94d0-7eeac0c85afc&fr=SRP%20Job%20Listing
51,42001,jobstreet,https://www.jobstreet.co.id/id/job/design-graphic-3711027?jobId=jobstreet-id-job-3711027&sectionRank=5&token=0~65fcab56-d7c0-411c-94d0-7eeac0c85afc&fr=SRP%20Job%20Listing
52,42003,jobstreet,https://www.jobstreet.co.id/id/job/graphic-designer-3710908?jobId=jobstreet-id-job-3710908&sectionRank=7&token=0~65fcab56-d7c0-411c-94d0-7eeac0c85afc&fr=SRP%20Job%20Listing
53,42005,jobstreet,https://www.jobstreet.co.id/id/job/graphic-designer-3711016?jobId=jobstreet-id-job-3711016&sectionRank=9&token=0~65fcab56-d7c0-411c-94d0-7eeac0c85afc&fr=SRP%20Job%20Listing
54,42007,jobstreet,https://www.jobstreet.co.id/id/job/graphic-designer-and-social-media-content-creator-staff-3710995?jobId=jobstreet-id-job-3710995&sectionRank=13&token=0~65fcab56-d7c0-411c-94d0-7eeac0c85afc&fr=SRP%20Job%20Listing
55,42018,jobstreet,https://www.jobstreet.co.id/id/job/it-information-technology-3710926?jobId=jobstreet-id-job-3710926&sectionRank=2&token=0~e4719550-b70e-4d59-8c15-617d015a2866&fr=SRP%20Job%20Listing
56,42022,jobstreet,https://www.jobstreet.co.id/id/job/desk-collection-3710886?jobId=jobstreet-id-job-3710886&sectionRank=9&token=0~e4719550-b70e-4d59-8c15-617d015a2866&fr=SRP%20Job%20Listing
57,42052,karir,https://karir.com/opportunities/1322361
58,42077,jobstreet,https://www.jobstreet.co.id/id/job/staff-marketing-wilayah-surabaya-jember-medan-makassar-3711008?jobId=jobstreet-id-job-3711008&sectionRank=1&token=0~9149ca04-703a-483c-8c78-8ad565fa8edf&fr=SRP%20Job%20Listing
59,42079,jobstreet,https://www.jobstreet.co.id/id/job/accounting-staff-3710087?jobId=jobstreet-id-job-3710087&sectionRank=7&token=0~9149ca04-703a-483c-8c78-8ad565fa8edf&fr=SRP%20Job%20Listing
60,42083,jobstreet,https://www.jobstreet.co.id/id/job/procurement-section-head-surabaya-3711047?jobId=jobstreet-id-job-3711047&sectionRank=11&token=0~9149ca04-703a-483c-8c78-8ad565fa8edf&fr=SRP%20Job%20Listing
61,42089,jobstreet,https://www.jobstreet.co.id/id/job/human-resource-department-hrd-3711036?jobId=jobstreet-id-job-3711036&sectionRank=21&token=0~9149ca04-703a-483c-8c78-8ad565fa8edf&fr=SRP%20Job%20Listing
62,42182,jobstreet,https://www.jobstreet.co.id/id/job/drafter-engineering-3710972?jobId=jobstreet-id-job-3710972&sectionRank=27&token=0~97a881e9-b341-4fd3-94b9-ed1417e17342&fr=SRP%20Job%20Listing
63,42192,jobstreet,https://www.jobstreet.co.id/id/job/asp-net-developer-3710755?jobId=jobstreet-id-job-3710755&sectionRank=15&token=0~bdf1c82c-7f1a-4b1f-abaf-be81f761b455&fr=SRP%20Job%20Listing
64,42323,jobstreet,https://www.jobstreet.co.id/id/job/drafter-engineering-3710972?jobId=jobstreet-id-job-3710972&sectionRank=2&token=0~4004624c-78e6-4a22-a6cc-8103c5ff7642&fr=SRP%20Job%20Listing
65,42421,jobstreet,https://www.jobstreet.co.id/id/job/staff-accounting-finance-3710597?jobId=jobstreet-id-job-3710597&sectionRank=3&token=0~2574c67c-7aaf-4a03-9696-adcc7920a0a2&fr=SRP%20Job%20Listing
66,42426,jobstreet,https://www.jobstreet.co.id/id/job/field-collection-area-kalimantan-3710877?jobId=jobstreet-id-job-3710877&sectionRank=19&token=0~2574c67c-7aaf-4a03-9696-adcc7920a0a2&fr=SRP%20Job%20Listing
67,42438,jobstreet,https://www.jobstreet.co.id/id/job/backend-developer-java-3710892?jobId=jobstreet-id-job-3710892&sectionRank=5&token=0~ba493177-0c1c-43cd-b3cc-2a35818ad6e2&fr=SRP%20Job%20Listing
68,42546,jobstreet,https://www.jobstreet.co.id/id/job/management-trainee-program-3716877?jobId=jobstreet-id-job-3716877&sectionRank=4&token=0~d05c1222-8ffa-4021-bf1c-eaa1b99131bd&fr=SRP%20Job%20Listing
69,42547,jobstreet,https://www.jobstreet.co.id/id/job/first-development-program-fdp-3716736?jobId=jobstreet-id-job-3716736&sectionRank=5&token=0~d05c1222-8ffa-4021-bf1c-eaa1b99131bd&fr=SRP%20Job%20Listing
70,42689,jobstreet,https://www.jobstreet.co.id/id/job/aeon-fast-agent-spg-dan-spb-area-surabaya-3711076?jobId=jobstreet-id-job-3711076&sectionRank=11&token=0~df51fb52-1430-4c39-821b-98b9949bc3fb&fr=SRP%20Job%20Listing
71,42794,jobstreet,https://www.jobstreet.co.id/id/job/sales-support-pricing-3710532?jobId=jobstreet-id-job-3710532&sectionRank=8&token=0~faec4844-5ce2-4190-86b8-4ac33ea197e8&fr=SRP%20Job%20Listing
72,42804,jobstreet,https://www.jobstreet.co.id/id/job/it-system-administrator-3716483?jobId=jobstreet-id-job-3716483&sectionRank=28&token=0~faec4844-5ce2-4190-86b8-4ac33ea197e8&fr=SRP%20Job%20Listing
73,42813,jobstreet,https://www.jobstreet.co.id/id/job/staff-admin-3717153?jobId=jobstreet-id-job-3717153&sectionRank=1&token=0~cf416d05-8e8a-41e5-8c23-070fd47082ce&fr=SRP%20Job%20Listing
74,42814,jobstreet,https://www.jobstreet.co.id/id/job/staff-accounting-3717172?jobId=jobstreet-id-job-3717172&sectionRank=2&token=0~cf416d05-8e8a-41e5-8c23-070fd47082ce&fr=SRP%20Job%20Listing
75,42815,jobstreet,https://www.jobstreet.co.id/id/job/account-executive-sales-3716978?jobId=jobstreet-id-job-3716978&sectionRank=3&token=0~cf416d05-8e8a-41e5-8c23-070fd47082ce&fr=SRP%20Job%20Listing
76,42816,jobstreet,https://www.jobstreet.co.id/id/job/human-resources-manager-3715400?jobId=jobstreet-id-job-3715400&sectionRank=4&token=0~cf416d05-8e8a-41e5-8c23-070fd47082ce&fr=SRP%20Job%20Listing
77,42818,jobstreet,https://www.jobstreet.co.id/id/job/sales-executive-3714462?jobId=jobstreet-id-job-3714462&sectionRank=6&token=0~cf416d05-8e8a-41e5-8c23-070fd47082ce&fr=SRP%20Job%20Listing
78,42819,jobstreet,https://www.jobstreet.co.id/id/job/financial-advisor-full-time-jakarta-bogor-tangerang-bandung-3715480?jobId=jobstreet-id-job-3715480&sectionRank=7&token=0~cf416d05-8e8a-41e5-8c23-070fd47082ce&fr=SRP%20Job%20Listing
79,42821,jobstreet,https://www.jobstreet.co.id/id/job/business-development-manager-cosmetic-3714339?jobId=jobstreet-id-job-3714339&sectionRank=10&token=0~cf416d05-8e8a-41e5-8c23-070fd47082ce&fr=SRP%20Job%20Listing
80,42822,jobstreet,https://www.jobstreet.co.id/id/job/mandarin-translator-3714364?jobId=jobstreet-id-job-3714364&sectionRank=11&token=0~cf416d05-8e8a-41e5-8c23-070fd47082ce&fr=SRP%20Job%20Listing
81,42823,jobstreet,https://www.jobstreet.co.id/id/job/regional-sales-jakarta-dan-bandung-3717821?jobId=jobstreet-id-job-3717821&sectionRank=12&token=0~cf416d05-8e8a-41e5-8c23-070fd47082ce&fr=SRP%20Job%20Listing
82,42830,jobstreet,https://www.jobstreet.co.id/id/job/staff-finance-accounting-3716247?jobId=jobstreet-id-job-3716247&sectionRank=27&token=0~cf416d05-8e8a-41e5-8c23-070fd47082ce&fr=SRP%20Job%20Listing
83,42832,jobstreet,https://www.jobstreet.co.id/id/job/leader-spv-restoran-3717551?jobId=jobstreet-id-job-3717551&sectionRank=29&token=0~cf416d05-8e8a-41e5-8c23-070fd47082ce&fr=SRP%20Job%20Listing
84,42833,jobstreet,https://www.jobstreet.co.id/id/job/technician-3717515?jobId=jobstreet-id-job-3717515&sectionRank=30&token=0~cf416d05-8e8a-41e5-8c23-070fd47082ce&fr=SRP%20Job%20Listing
85,43186,jobstreet,https://www.jobstreet.co.id/id/job/senior-business-analyst-3711079?jobId=jobstreet-id-job-3711079&sectionRank=5&token=0~83118ab0-092a-4442-a24c-11707ff891ba&fr=SRP%20Job%20Listing
86,43202,jobstreet,https://www.jobstreet.co.id/id/job/business-planning-control-3715011?jobId=jobstreet-id-job-3715011&sectionRank=30&token=0~83118ab0-092a-4442-a24c-11707ff891ba&fr=SRP%20Job%20Listing
87,43203,jobstreet,https://www.jobstreet.co.id/id/job/koordinator-pengiriman-3724944?jobId=jobstreet-id-job-3724944&sectionRank=1&token=0~61b26d01-bf85-4233-95e5-4fb502ee8aca&fr=SRP%20Job%20Listing
88,43204,jobstreet,https://www.jobstreet.co.id/id/job/finance-accounting-3721807?jobId=jobstreet-id-job-3721807&sectionRank=2&token=0~61b26d01-bf85-4233-95e5-4fb502ee8aca&fr=SRP%20Job%20Listing
89,43205,jobstreet,https://www.jobstreet.co.id/id/job/sales-marketing-executive-3724942?jobId=jobstreet-id-job-3724942&sectionRank=3&token=0~61b26d01-bf85-4233-95e5-4fb502ee8aca&fr=SRP%20Job%20Listing
90,43206,jobstreet,https://www.jobstreet.co.id/id/job/admin-exim-3722627?jobId=jobstreet-id-job-3722627&sectionRank=5&token=0~61b26d01-bf85-4233-95e5-4fb502ee8aca&fr=SRP%20Job%20Listing
91,43207,jobstreet,https://www.jobstreet.co.id/id/job/marketing-and-sales-development-program-3721398?jobId=jobstreet-id-job-3721398&sectionRank=7&token=0~61b26d01-bf85-4233-95e5-4fb502ee8aca&fr=SRP%20Job%20Listing
92,43275,jobstreet,https://www.jobstreet.co.id/id/job/it-information-technology-3710926?jobId=jobstreet-id-job-3710926&sectionRank=21&token=0~3caad266-9033-4ed1-b0fd-97dcf6a659fc&fr=SRP%20Job%20Listing
93,43281,jobstreet,https://www.jobstreet.co.id/id/job/section-head-produksi-3711002?jobId=jobstreet-id-job-3711002&sectionRank=3&token=0~b336ca4e-a06a-42bf-b079-cc3a0075d7a7&fr=SRP%20Job%20Listing
94,43289,jobstreet,https://www.jobstreet.co.id/id/job/admin-toko-bahan-3712259?jobId=jobstreet-id-job-3712259&sectionRank=5&token=0~e182fef5-388f-4c10-b179-5ed8298ab9e0&fr=SRP%20Job%20Listing
95,43290,jobstreet,https://www.jobstreet.co.id/id/job/logistic-staff-semarang-3722887?jobId=jobstreet-id-job-3722887&sectionRank=8&token=0~e182fef5-388f-4c10-b179-5ed8298ab9e0&fr=SRP%20Job%20Listing
96,43291,jobstreet,https://www.jobstreet.co.id/id/job/ppic-staff-tabanan-bali-3722888?jobId=jobstreet-id-job-3722888&sectionRank=9&token=0~e182fef5-388f-4c10-b179-5ed8298ab9e0&fr=SRP%20Job%20Listing
97,43316,jobstreet,https://www.jobstreet.co.id/id/job/it-staff-3724576?jobId=jobstreet-id-job-3724576&sectionRank=12&token=0~462cfd9f-958d-4ac3-9553-503a11f76bea&fr=SRP%20Job%20Listing
98,43317,jobstreet,https://www.jobstreet.co.id/id/job/customer-support-admin-3725081?jobId=jobstreet-id-job-3725081&sectionRank=13&token=0~462cfd9f-958d-4ac3-9553-503a11f76bea&fr=SRP%20Job%20Listing
99,43318,jobstreet,https://www.jobstreet.co.id/id/job/it-helpdesk-hardware-executive-3723446?jobId=jobstreet-id-job-3723446&sectionRank=15&token=0~462cfd9f-958d-4ac3-9553-503a11f76bea&fr=SRP%20Job%20Listing
100,43319,jobstreet,https://www.jobstreet.co.id/id/job/it-support-3722626?jobId=jobstreet-id-job-3722626&sectionRank=23&token=0~462cfd9f-958d-4ac3-9553-503a11f76bea&fr=SRP%20Job%20Listing
101,43320,jobstreet,https://www.jobstreet.co.id/id/job/it-support-3723847?jobId=jobstreet-id-job-3723847&sectionRank=24&token=0~462cfd9f-958d-4ac3-9553-503a11f76bea&fr=SRP%20Job%20Listing
102,43321,jobstreet,https://www.jobstreet.co.id/id/job/it-support-3724673?jobId=jobstreet-id-job-3724673&sectionRank=29&token=0~462cfd9f-958d-4ac3-9553-503a11f76bea&fr=SRP%20Job%20Listing
103,43322,jobstreet,https://www.jobstreet.co.id/id/job/it-staff-3724797?jobId=jobstreet-id-job-3724797&sectionRank=30&token=0~462cfd9f-958d-4ac3-9553-503a11f76bea&fr=SRP%20Job%20Listing
104,44461,jobstreet,https://www.jobstreet.co.id/id/job/business-development-executive-cosmetic-3727726?jobId=jobstreet-id-job-3727726&sectionRank=19&token=0~1a275399-68e1-4357-9444-921000712903&fr=SRP%20Job%20Listing
105,44462,jobstreet,https://www.jobstreet.co.id/id/job/project-assistant-3738757?jobId=jobstreet-id-job-3738757&sectionRank=20&token=0~1a275399-68e1-4357-9444-921000712903&fr=SRP%20Job%20Listing
106,44463,jobstreet,https://www.jobstreet.co.id/id/job/hardware-officer-3736728?jobId=jobstreet-id-job-3736728&sectionRank=22&token=0~1a275399-68e1-4357-9444-921000712903&fr=SRP%20Job%20Listing
107,44464,jobstreet,https://www.jobstreet.co.id/id/job/accounting-tax-staff-3738467?jobId=jobstreet-id-job-3738467&sectionRank=23&token=0~1a275399-68e1-4357-9444-921000712903&fr=SRP%20Job%20Listing
108,44465,jobstreet,https://www.jobstreet.co.id/id/job/marketing-content-writer-3730563?jobId=jobstreet-id-job-3730563&sectionRank=25&token=0~1a275399-68e1-4357-9444-921000712903&fr=SRP%20Job%20Listing
109,44466,jobstreet,https://www.jobstreet.co.id/id/job/hr-supervisor-3737368?jobId=jobstreet-id-job-3737368&sectionRank=26&token=0~1a275399-68e1-4357-9444-921000712903&fr=SRP%20Job%20Listing
110,44467,jobstreet,https://www.jobstreet.co.id/id/job/essentials-accessories-designer-3731286?jobId=jobstreet-id-job-3731286&sectionRank=28&token=0~1a275399-68e1-4357-9444-921000712903&fr=SRP%20Job%20Listing
111,44468,jobstreet,https://www.jobstreet.co.id/id/job/illustrator-3730470?jobId=jobstreet-id-job-3730470&sectionRank=29&token=0~1a275399-68e1-4357-9444-921000712903&fr=SRP%20Job%20Listing
112,44557,jobstreet,https://www.jobstreet.co.id/id/job/it-support-3723232?jobId=jobstreet-id-job-3723232&sectionRank=30&token=0~f1b20867-f5aa-4cc0-a22d-f309227b8b5d&fr=SRP%20Job%20Listing
113,44689,jobstreet,https://www.jobstreet.co.id/id/job/warehouse-staff-3738112?jobId=jobstreet-id-job-3738112&sectionRank=5&token=0~62a717df-977f-4016-a20e-6ff074147d16&fr=SRP%20Job%20Listing
114,44690,jobstreet,https://www.jobstreet.co.id/id/job/admin-gudang-purchasing-3737597?jobId=jobstreet-id-job-3737597&sectionRank=6&token=0~62a717df-977f-4016-a20e-6ff074147d16&fr=SRP%20Job%20Listing
115,44691,jobstreet,https://www.jobstreet.co.id/id/job/security-gudang-3737042?jobId=jobstreet-id-job-3737042&sectionRank=7&token=0~62a717df-977f-4016-a20e-6ff074147d16&fr=SRP%20Job%20Listing
116,44692,jobstreet,https://www.jobstreet.co.id/id/job/checker-gudang-3736883?jobId=jobstreet-id-job-3736883&sectionRank=8&token=0~62a717df-977f-4016-a20e-6ff074147d16&fr=SRP%20Job%20Listing
117,44693,jobstreet,https://www.jobstreet.co.id/id/job/staff-admin-gudang-3737180?jobId=jobstreet-id-job-3737180&sectionRank=9&token=0~62a717df-977f-4016-a20e-6ff074147d16&fr=SRP%20Job%20Listing
118,44694,jobstreet,https://www.jobstreet.co.id/id/job/staff-warehouse-3737107?jobId=jobstreet-id-job-3737107&sectionRank=10&token=0~62a717df-977f-4016-a20e-6ff074147d16&fr=SRP%20Job%20Listing
119,44695,jobstreet,https://www.jobstreet.co.id/id/job/warehouse-operator-3737980?jobId=jobstreet-id-job-3737980&sectionRank=11&token=0~62a717df-977f-4016-a20e-6ff074147d16&fr=SRP%20Job%20Listing
120,44696,jobstreet,https://www.jobstreet.co.id/id/job/production-manager-profesi-apoteker-3730381?jobId=jobstreet-id-job-3730381&sectionRank=12&token=0~62a717df-977f-4016-a20e-6ff074147d16&fr=SRP%20Job%20Listing
121,44697,jobstreet,https://www.jobstreet.co.id/id/job/admin-warehouse-dan-penjualan-%5Bloc%3A-pondok-ungu-bekasi%5D-3737372?jobId=jobstreet-id-job-3737372&sectionRank=13&token=0~62a717df-977f-4016-a20e-6ff074147d16&fr=SRP%20Job%20Listing
122,44698,jobstreet,https://www.jobstreet.co.id/id/job/cook-helper-3738846?jobId=jobstreet-id-job-3738846&sectionRank=16&token=0~62a717df-977f-4016-a20e-6ff074147d16&fr=SRP%20Job%20Listing
123,44699,jobstreet,https://www.jobstreet.co.id/id/job/operator-gudang-3736185?jobId=jobstreet-id-job-3736185&sectionRank=17&token=0~62a717df-977f-4016-a20e-6ff074147d16&fr=SRP%20Job%20Listing
124,44700,jobstreet,https://www.jobstreet.co.id/id/job/koordinator-gudang-3737201?jobId=jobstreet-id-job-3737201&sectionRank=19&token=0~62a717df-977f-4016-a20e-6ff074147d16&fr=SRP%20Job%20Listing
125,44701,jobstreet,https://www.jobstreet.co.id/id/job/executive-solution-design-warehouse-3736861?jobId=jobstreet-id-job-3736861&sectionRank=21&token=0~62a717df-977f-4016-a20e-6ff074147d16&fr=SRP%20Job%20Listing
126,44702,jobstreet,https://www.jobstreet.co.id/id/job/assistant-manager-warehouse-logistic-3736993?jobId=jobstreet-id-job-3736993&sectionRank=22&token=0~62a717df-977f-4016-a20e-6ff074147d16&fr=SRP%20Job%20Listing
127,44703,jobstreet,https://www.jobstreet.co.id/id/job/admin-gudang-3735875?jobId=jobstreet-id-job-3735875&sectionRank=23&token=0~62a717df-977f-4016-a20e-6ff074147d16&fr=SRP%20Job%20Listing
128,44704,jobstreet,https://www.jobstreet.co.id/id/job/admin-gudang-packing-gudang-3734200?jobId=jobstreet-id-job-3734200&sectionRank=24&token=0~62a717df-977f-4016-a20e-6ff074147d16&fr=SRP%20Job%20Listing
129,44705,jobstreet,https://www.jobstreet.co.id/id/job/ppic-warehouse-admin-3736394?jobId=jobstreet-id-job-3736394&sectionRank=26&token=0~62a717df-977f-4016-a20e-6ff074147d16&fr=SRP%20Job%20Listing
